{
  "beforeMb": 3.2146072387695312,
  "afterMb": 3.220367431640625,
  "deltaMb": 0.00576019287109375,
  "thresholdMb": 10,
  "status": "pass",
  "capturedAt": "2026-02-17T04:23:09.190Z"
}
